region,mae,rmse,coverage
CDR1,1.4735726582441444,1.7445171212255108,0.33002207505518766
CDR2,1.10769337216921,1.3211676941782646,0.15869311551925322
CDR3,1.0497411140268496,1.2371688449689708,0.04437564499484004
CDR4,1.4167947321111076,1.7222487741931507,0.4226327944572748
CDR5,1.0432306182494646,1.254202677319173,0.2276923076923077
CDR6,1.1704345465201782,1.4532532353382714,0.18063112078346028
mean,1.2102445068868255,1.4554263912038905,0.22734117641705395
