region,mae,rmse,coverage
CDR1,1.2492971780471422,1.4567653385339172,0.33567134268537074
CDR2,0.8758522457510699,1.0400973636803197,0.2738537794299876
CDR3,1.2451227892701977,1.5557521840903672,0.2218487394957983
CDR4,0.8552606221228671,1.0100863282984525,0.2675438596491228
CDR5,1.053659488812992,1.271000419113117,0.22404371584699453
CDR6,1.2408420254596133,1.4702783471092538,0.12007874015748031
mean,1.0866723915773138,1.3006633301375714,0.24050669621079238
