region,mae,rmse,coverage
CDR1,1.027783296592467,1.344581547528498,0.3609271523178808
CDR2,1.1640690662281383,1.3467955504919824,0.1808634772462077
CDR3,1.4755980329922842,1.817513809927414,0.16718266253869968
CDR4,1.3588761843624577,1.6202653937637808,0.5242494226327945
CDR5,0.8403979082682399,1.0015199164587438,0.32
CDR6,1.16628953739332,1.4290260649761235,0.23394994559303592
mean,1.172169004306151,1.4266170471910904,0.29786211005476976
