region,mae,rmse,coverage
CDR1,1.0565693204081033,1.2988677869694907,0.27007299270072993
CDR2,1.2262604169077649,1.4333080013903994,0.13458528951486698
CDR3,1.542046719582842,1.8070899886080947,0.12597547380156077
CDR4,1.2648137828586838,1.5394502191302721,0.4696066746126341
CDR5,1.6727851157047033,1.974224652504406,0.18213058419243985
CDR6,1.1232373206447517,1.358950714858111,0.26576139670223087
mean,1.3142854460178082,1.5686485605767955,0.24135540192074378
