pdb_file,framework_ca_rmsd,avg_framework_lddt
A6_0.pdb,1.4263861559826867,0.8706405905598342
A6_1.pdb,1.4212550535422905,0.8714326421819917
A6_2.pdb,14.055070496481273,0.8650090945818965
A6_3.pdb,14.160595605155985,0.8543774433909281
A6_4.pdb,1.4513306021374774,0.871097421322584
A6_5.pdb,1.4420477211720768,0.871546286292785
A6_6.pdb,1.4386451359817625,0.8712280233930246
A6_7.pdb,1.401450010876195,0.8718237272918278
A6_8.pdb,1.4248310950544225,0.8696344285854624
A6_9.pdb,1.408263669279545,0.8694908056053575
