pdb_file,framework_ca_rmsd,avg_framework_lddt
A6_0.pdb,2.101903049040855,0.869603701137551
A6_1.pdb,14.45818606879508,0.8677910781404621
A6_2.pdb,1.6553827838657351,0.8561987893098477
A6_3.pdb,1.7658320545631674,0.8637872156618556
A6_4.pdb,1.7020272567045287,0.8644397184230362
A6_5.pdb,14.311534926734181,0.8640468329007847
A6_6.pdb,14.494325637544218,0.8580896401732536
A6_7.pdb,14.39475083328867,0.8505516928735309
A6_8.pdb,14.47273615257769,0.8570421069310471
A6_9.pdb,9.677194685226496,0.8968099541523731
