region,mae,rmse,coverage
CDR1,1.381837179814363,1.6609625775262333,0.25255474452554744
CDR2,1.2492130228350071,1.486553753488399,0.11580594679186229
CDR3,1.5643660268324315,1.8310359388024195,0.18729096989966554
CDR4,1.558241270841038,1.8493298229818242,0.33849821215733017
CDR5,1.0709777798338986,1.2780868313505873,0.17697594501718214
CDR6,1.0790969812013669,1.3375953102539309,0.16779825412221144
mean,1.317288710226351,1.5739273724005658,0.2064873454189665
