region,mae,rmse,coverage
CDR1,1.1573990319614642,1.3880645532673275,0.19094922737306844
CDR2,1.5474099191251076,1.8191943379902504,0.10501750291715285
CDR3,0.0,0.0,0.0010319917440660474
CDR4,0.9503449330654874,1.1204453987769325,0.605080831408776
CDR5,1.0743098721998596,1.2716326085471008,0.37846153846153846
CDR6,1.6131194918326524,1.8678454868563026,0.14907508161044614
mean,1.057097208030762,1.2445303975729858,0.23826936225250797
