region,mae,rmse,coverage
CDR1,0.704174019928882,0.9368858366255305,0.7373068432671082
CDR2,0.8295576715345427,1.0497041848353748,0.3278879813302217
CDR3,1.437722618619248,1.7418837354102643,0.28792569659442724
CDR4,1.556193072756084,1.8354286365428245,0.25519630484988454
CDR5,0.959863320936829,1.1602702573571202,0.44153846153846155
CDR6,1.3223277745829325,1.5729004667257347,0.13710554951033732
mean,1.1349730797264197,1.3828455195828082,0.3644934728484068
