region,mae,rmse,coverage
CDR1,1.2461914602953148,1.4924972860053434,0.3967935871743487
CDR2,0.8844912363876045,1.0875268488493786,0.28872366790582404
CDR3,1.6484786716979016,2.0072678762442657,0.08067226890756303
CDR4,1.051310657423124,1.2355956072887915,0.2807017543859649
CDR5,1.290221242508051,1.5000663798446559,0.2284153005464481
CDR6,1.2523884479531688,1.4551365399071,0.01673228346456693
mean,1.2288469527108608,1.4630150896899226,0.21533981039745262
