region,mae,rmse,coverage
CDR1,1.4044996364754492,1.707919732320361,0.20860927152317882
CDR2,1.1709928106414098,1.3680859720953802,0.12835472578763127
CDR3,1.0763178772771314,1.3186651643567107,0.14241486068111456
CDR4,0.6955923226081558,0.8808257859768927,0.6096997690531177
CDR5,1.0879413928279875,1.2729033727580934,0.21384615384615385
CDR6,1.5602142652718953,1.8089453866964238,0.07616974972796518
mean,1.1659263841836716,1.3928909023673104,0.22984908843652688
