region,mae,rmse,coverage
CDR1,0.8999113827667181,1.0957688370148102,0.7785571142284569
CDR2,0.9664159915839396,1.1878189089681923,0.6827757125154895
CDR3,1.0190852988200494,1.2722753293454545,0.3310924369747899
CDR4,0.8654198291203409,1.0660441340825464,0.4100877192982456
CDR5,1.0033718111454486,1.2086889071580775,0.27650273224043714
CDR6,1.1090999970288373,1.331906891264018,0.39763779527559057
mean,0.9772173850775557,1.1937505013055165,0.47944225175550154
