region,mae,rmse,coverage
CDR1,0.10862323116799795,0.17571698250995382,0.9886524822695035
CDR2,0.18002673902205588,0.24770040991460743,0.967741935483871
CDR3,0.72164603856312,0.8916450883205813,0.7792792792792793
CDR4,0.11029586772150532,0.17097951326305685,0.9970760233918129
CDR5,0.10171060635934483,0.16059497631748876,0.9884225759768451
CDR6,0.42812654889838464,0.5613839417655682,0.7889009793253536
mean,0.27507150528873475,0.3680034853485427,0.9183455459544442
