region,mae,rmse,coverage
CDR1,0.12827246718397622,0.21389251252225847,0.940959409594096
CDR2,0.19009725011816417,0.2790938477140882,0.9027431421446384
CDR3,0.6853380704696249,0.8470170303753457,0.7784877529286475
CDR4,0.1312737202666647,0.20992253872116723,0.9512195121951219
CDR5,0.1360976011454241,0.21385193459463478,0.9207683073229291
CDR6,0.3960859828555784,0.5253530908059368,0.7672131147540984
mean,0.27786084867323874,0.3815218257889052,0.8768985398232553
