region,mae,rmse,coverage
CDR1,0.14041737485101252,0.22363012716543357,0.9249692496924969
CDR2,0.17635614207406522,0.2681097442567364,0.8977556109725686
CDR3,0.3242225142964045,0.4270356321332313,0.8157614483493077
CDR4,0.13691668018147954,0.21307275854440638,0.9426829268292682
CDR5,0.3153060339877811,0.41841323186033125,0.8643457382953181
CDR6,0.8427328455040652,1.0003443334144855,0.7245901639344262
mean,0.322658598482468,0.42510097122910406,0.8616841896788977
