region,mae,rmse,coverage
CDR1,0.1455652169954457,0.2126505432288136,0.9829787234042553
CDR2,0.34302588883034874,0.43040187406131836,0.9523141654978962
CDR3,0.5102348625553976,0.6387653272613385,0.8096846846846847
CDR4,0.20010467242761462,0.27197188613014206,0.9780701754385965
CDR5,0.4043114350962979,0.4992688061714642,0.9450072358900145
CDR6,0.8673197527614676,1.0294034470919577,0.7170837867247007
mean,0.41176030477776204,0.5137436473241724,0.8975231286066915
