region,mae,rmse,coverage
CDR1,0.16162441427352167,0.2444592870491748,0.9126691266912669
CDR2,0.33264432742263306,0.43674391995181194,0.8790523690773068
CDR3,0.4781417488792825,0.597575209268899,0.7976570820021299
CDR4,0.2200787943562033,0.32069508350841375,0.9158536585365854
CDR5,0.3986478097549515,0.5045996123869629,0.8631452581032413
CDR6,0.8048565947788583,0.9577445367004332,0.6950819672131148
mean,0.39933228157757505,0.510302941477616,0.8439099102706077
