region,mae,rmse,coverage
CDR1,0.12004094271863984,0.19880885756742764,0.9372693726937269
CDR2,0.16636132172524115,0.2534672545485004,0.8977556109725686
CDR3,0.2855559872407201,0.3712823643959369,0.8849840255591054
CDR4,0.09320675848631231,0.16127949162065117,0.973170731707317
CDR5,0.13578181232136016,0.21938778754903263,0.9303721488595438
CDR6,0.3741911227439323,0.4772025773383711,0.8896174863387978
mean,0.1958563242060343,0.2802380555033199,0.91886156268851
