region,mae,rmse,coverage
CDR1,0.10378570047899098,0.17283062820132616,0.9815602836879432
CDR2,0.14994579183201445,0.2233059654847301,0.9621318373071529
CDR3,0.28333079700981423,0.3641839314703059,0.911036036036036
CDR4,0.07728836288910053,0.13547029394203783,0.9970760233918129
CDR5,0.1079574311473859,0.17541023925179497,0.9898697539797395
CDR6,0.3978885254387219,0.5068750016423021,0.9064200217627857
mean,0.186699434799338,0.26301267666541617,0.9580156593609117
