region,mae,rmse,coverage
CDR1,0.4827624113242119,0.5903050199588188,0.8521212121212122
CDR2,0.36475177430052236,0.4628868314607568,0.8790123456790123
CDR3,0.660485199786314,0.8016436713396516,0.7953757225433526
CDR4,0.11635964346529906,0.18773500345445282,0.9492753623188406
CDR5,0.20551764355536814,0.2918044916573791,0.9067484662576687
CDR6,0.5237809764189226,0.641255320639996,0.8246013667425968
mean,0.3922762748084397,0.49593838975184257,0.8678557459437805
