region,mae,rmse,coverage
CDR1,0.540222312221151,0.6573351422009512,0.8424242424242424
CDR2,0.23256216270554178,0.32624001886066456,0.8975308641975308
CDR3,0.4586224639021673,0.5743736629061579,0.8300578034682081
CDR4,0.11462632513940005,0.19067791041879023,0.9601449275362319
CDR5,0.22520847568994748,0.31385948535942976,0.901840490797546
CDR6,0.5266650598024818,0.6400883937268679,0.8291571753986332
mean,0.34965113324344826,0.45042910224547694,0.8768592506370654
