region,mae,rmse,coverage
CDR1,0.4829178176814344,0.5929107969073354,0.8472727272727273
CDR2,0.16406988316688095,0.25338472265354417,0.908641975308642
CDR3,0.3405606357303712,0.4383568733152985,0.8635838150289017
CDR4,0.10700337299587866,0.18037213896717927,0.9601449275362319
CDR5,0.1612859542999397,0.24303514333459345,0.9214723926380368
CDR6,0.22830331027348058,0.32112041820360915,0.8735763097949886
mean,0.24735682902466424,0.33819668223026,0.8957820245965881
