region,mae,rmse,coverage
CDR1,1.0700987243471518,1.2528659732527188,0.16777041942604856
CDR2,1.3370433356411497,1.5838096377897946,0.13418903150525088
CDR3,0.7980909807843277,0.9479584974596985,0.010319917440660475
CDR4,1.328941473365065,1.6166148786359922,0.4976905311778291
CDR5,0.9912500995330296,1.2093427778450787,0.29846153846153844
CDR6,1.3793839115423177,1.626077924354558,0.13166485310119697
mean,1.1508014208688404,1.3727782815563068,0.20668271518542078
