region,mae,rmse,coverage
CDR1,1.2058725087543987,1.474067513691482,0.24525547445255474
CDR2,1.3898602857817202,1.655964047325,0.09076682316118936
CDR3,1.4396311599141243,1.712574836083041,0.07023411371237458
CDR4,1.5595083970330732,1.865653388761152,0.3432657926102503
CDR5,1.381481617692099,1.6442129965528467,0.07216494845360824
CDR6,1.171668132849031,1.4623872239343343,0.1008729388942774
mean,1.3580036836707412,1.635810001057976,0.15376001521404245
