region,mae,rmse,coverage
CDR1,1.5732054681239331,1.886072849586248,0.21751824817518248
CDR2,1.1810665282745427,1.3941675974663075,0.107981220657277
CDR3,1.1308245039727385,1.4890212910144098,0.20958751393534003
CDR4,1.3985344338727907,1.6882309889782756,0.43861740166865315
CDR5,1.1357730753580637,1.3806993683218285,0.20618556701030927
CDR6,1.012134391002786,1.309227452794624,0.30455868089233756
mean,1.2385897334341425,1.5245699246936155,0.24740810538984992
