region,mae,rmse,coverage
CDR1,0.2078702197202218,0.2988608837486231,0.9031476997578692
CDR2,0.31135012817292257,0.40886134471022856,0.8884711779448622
CDR3,0.9707060308856766,1.1959775304313092,0.5634920634920635
CDR4,0.26458255140624715,0.3550148174937945,0.8819188191881919
CDR5,0.2400948706059787,0.3330876879757827,0.8820754716981132
CDR6,0.4603894562643013,0.5741464905630702,0.8327444051825678
mean,0.409165542842558,0.527658125820468,0.8253082728772778
