region,mae,rmse,coverage
CDR1,0.1978910705640902,0.29555260825847496,0.17647058823529413
CDR2,0.271048777987556,0.35952160645855286,0.23952095808383234
CDR3,0.25783797304200673,0.35786789687244563,0.18235294117647058
CDR4,0.4667236023393588,0.5771690834921938,0.11282051282051282
CDR5,0.34408128150466016,0.4490023292825863,0.06735751295336788
CDR6,0.31905026960338584,0.3877521063918669,0.1650485436893204
mean,0.3094388291735096,0.40447760512602,0.15726184282646638
