region,mae,rmse,coverage
CDR1,0.26706816199325717,0.3649575661463402,0.8910411622276029
CDR2,0.21603990420820227,0.3071437162270279,0.8972431077694235
CDR3,0.7772877695922722,0.979192949978028,0.5963718820861678
CDR4,0.21133274416884718,0.2992130008725265,0.8905289052890529
CDR5,0.19409825546775605,0.2803485130180904,0.8832547169811321
CDR6,0.20250020480500816,0.29893082747602095,0.8798586572438163
mean,0.3113878400392238,0.42163109561967227,0.8397164052661993
