region,mae,rmse,coverage
CDR1,0.5077449787970292,0.6415101447858532,0.8769601930036188
CDR2,0.4345629283393003,0.5472507081897386,0.8353365384615384
CDR3,1.0097182806315539,1.3016882511294405,0.449671772428884
CDR4,0.4105302317363708,0.5274298144667322,0.7915690866510539
CDR5,0.386510956869041,0.48116659431703285,0.7885906040268457
CDR6,0.49941316727086726,0.6329444581366104,0.7228260869565217
mean,0.5414134239406937,0.6886649951709013,0.7441590469214104
