region,mae,rmse,coverage
CDR1,0.2656617834575227,0.3587715665970368,0.8716707021791767
CDR2,0.19886009839003385,0.29125424563650415,0.8972431077694235
CDR3,0.7898929916332352,0.9792643040234403,0.4909297052154195
CDR4,0.200416525619639,0.2841765514496059,0.8991389913899139
CDR5,0.21987388194805754,0.31068494184027917,0.8761792452830188
CDR6,0.7896595986635679,0.9425695983628942,0.7714958775029447
mean,0.41072747995200937,0.5277868679849601,0.8011096048899828
