region,mae,rmse,coverage
CDR1,0.2750314678600691,0.3716466260706033,0.8789346246973365
CDR2,0.2253477089026451,0.3140802432323048,0.8972431077694235
CDR3,0.8432353520254604,1.056529449196843,0.5770975056689343
CDR4,0.19198333552852836,0.2774804765612139,0.8917589175891759
CDR5,0.19497106137006612,0.28830688583695857,0.8879716981132075
CDR6,0.22828952762304272,0.3318200815304745,0.866902237926973
mean,0.32647640888496865,0.4399772937380663,0.8333180152941752
