region,mae,rmse,coverage
CDR1,0.28460512307593255,0.3815622059036067,0.8704600484261501
CDR2,0.17187701578494147,0.25972100182228036,0.9097744360902256
CDR3,0.7035403139063998,0.8718542447246607,0.5736961451247166
CDR4,0.1716574603042029,0.2646321371629296,0.9138991389913899
CDR5,0.25091184540055783,0.3372928820808443,0.8856132075471698
CDR6,0.8056603990928963,0.9627738503869171,0.7644287396937574
mean,0.3980420262608218,0.5129727203468731,0.8196452859789015
