region,mae,rmse,coverage
CDR1,0.32430277469868146,0.41454236347347206,0.8791615289765722
CDR2,0.21528655369221028,0.3172085019840008,0.8609355246523388
CDR3,0.481367510143864,0.6056130756880065,0.7804123711340206
CDR4,0.23433076748770604,0.3314037058616675,0.9133089133089133
CDR5,0.31329994879810896,0.4141730862844033,0.8678571428571429
CDR6,0.6667672267402508,0.8182355524466377,0.771255060728745
mean,0.37255913026013693,0.4835293809563646,0.8454884236096221
