region,mae,rmse,coverage
CDR1,0.27727317225897996,0.36887645479129416,0.8754623921085081
CDR2,0.2806147337602982,0.3758137434703727,0.8558786346396966
CDR3,0.5440884635853079,0.6625403584924677,0.8010309278350516
CDR4,0.22891015309104001,0.3271514325327851,0.9133089133089133
CDR5,0.2713969240738516,0.3644521052176305,0.8857142857142857
CDR6,0.7408651965775608,0.9070567555531109,0.7489878542510121
mean,0.39052477389117307,0.5009818083429435,0.8467305013095778
