region,mae,rmse,coverage
CDR1,0.2671234118119133,0.358642578224019,0.8840937114673243
CDR2,0.21512733454909894,0.3103287050303697,0.8723135271807838
CDR3,0.41211233975259504,0.5210016053258667,0.7958762886597938
CDR4,0.2495309552239256,0.34333290565906566,0.9035409035409036
CDR5,0.2673087829657964,0.36141464014258323,0.8761904761904762
CDR6,0.7985968637235076,0.9695174385772327,0.7226720647773279
mean,0.36829994800447285,0.47737297882652285,0.8424478286361016
