region,mae,rmse,coverage
CDR1,0.2868021207611432,0.37356031317803745,0.87422934648582
CDR2,0.26471710655792613,0.3591168479769862,0.8584070796460177
CDR3,0.5654946507474928,0.6854659962435611,0.8061855670103093
CDR4,0.23755023180371523,0.33640583060350027,0.9084249084249084
CDR5,0.27564465080217776,0.36724347140980645,0.8773809523809524
CDR6,0.6812269385265751,0.8413006976578379,0.7479757085020243
mean,0.38523928319983836,0.49384885951162155,0.8454339270750052
