region,mae,rmse,coverage
CDR1,1.452619949047163,1.765339925703555,0.2656934306569343
CDR2,1.5465045897853682,1.7703243769299117,0.11267605633802817
CDR3,1.2577534781715232,1.5367404575741828,0.2229654403567447
CDR4,1.317903650024952,1.603499998644424,0.4696066746126341
CDR5,1.1984694902396704,1.4531444958497624,0.18041237113402062
CDR6,1.1297794210195113,1.4312709695961585,0.32492725509214354
mean,1.3171717630480313,1.593386704049666,0.26271353803175096
