region,mae,rmse,coverage
CDR1,0.15304931064846714,0.24552230144944825,0.9124537607891492
CDR2,0.2579636298153842,0.3503624540016542,0.854614412136536
CDR3,0.8383999378549596,1.0639381624315412,0.6484536082474227
CDR4,0.17187941378535,0.2617070154021843,0.9316239316239316
CDR5,0.15969973147517488,0.25077974606326625,0.9
CDR6,0.5457757899617245,0.71751481607781,0.645748987854251
mean,0.3544613022568434,0.4816374159043173,0.8154824501085485
