region,mae,rmse,coverage
CDR1,0.24629069380167487,0.331054036306359,0.8865598027127004
CDR2,0.24928712812081893,0.34838048010521744,0.8723135271807838
CDR3,0.6967898193756721,0.8455642257487651,0.7927835051546391
CDR4,0.2990736605278968,0.3976458489325109,0.8815628815628815
CDR5,0.23540110625615182,0.3230138584983711,0.8821428571428571
CDR6,0.5612874005899214,0.6724568727084205,0.742914979757085
mean,0.3813549681120227,0.4863525537166074,0.8430462589184913
