region,mae,rmse,coverage
CDR1,0.1750618198994019,0.2593994608266199,0.9198520345252774
CDR2,0.22790016596167892,0.321948762406139,0.8685208596713021
CDR3,0.49912534747507836,0.6239080492254225,0.7123711340206186
CDR4,0.17167164797915324,0.2620688615281792,0.9145299145299145
CDR5,0.47541644006848205,0.582990286416905,0.8511904761904762
CDR6,1.140153877107712,1.3457137200090337,0.6123481781376519
mean,0.4482215497485844,0.5660048567353831,0.8131354328458734
