region,mae,rmse,coverage
CDR1,0.21773776063047057,0.3108977359964926,0.903822441430333
CDR2,0.5185282892192026,0.6334843259899522,0.8192161820480405
CDR3,0.6544500520839724,0.8196581724387374,0.7103092783505155
CDR4,0.304911872670857,0.40238610654286716,0.8815628815628815
CDR5,0.6005292094082296,0.7222734597957224,0.8214285714285714
CDR6,1.165584098290068,1.37134853089512,0.5465587044534413
mean,0.5769568803838,0.7100080552764819,0.7804830098789638
