region,mae,rmse,coverage
CDR1,0.15777330665212516,0.24903373037315768,0.9001233045622689
CDR2,0.21066975416094963,0.31045570743264544,0.877370417193426
CDR3,0.3169000104568238,0.38811166975049755,0.8680412371134021
CDR4,0.12090690673129281,0.20283561422183743,0.9548229548229549
CDR5,0.15913086975937982,0.24886012540519356,0.9071428571428571
CDR6,0.4873038507188419,0.6053651176585535,0.8825910931174089
mean,0.24211411641323552,0.3341103274736475,0.8983486439920529
