region,mae,rmse,coverage
CDR1,0.7847308774271026,0.937574610207511,0.7670731707317073
CDR2,0.3077180578551073,0.4052385290465789,0.8672350791717418
CDR3,0.6896209686309742,0.8339302771548015,0.7727771679473107
CDR4,0.1555769896423818,0.2382295060730066,0.9359129383313181
CDR5,0.29765363859609,0.39953268109109075,0.8708530805687204
CDR6,0.7931307193533791,0.9525167449893621,0.7612107623318386
mean,0.5047385419175059,0.6278370580937253,0.8291770331804394
