region,mae,rmse,coverage
CDR1,0.2090769273004249,0.30659924302776986,0.8841463414634146
CDR2,0.29947638308731306,0.3927461122059223,0.8708891595615104
CDR3,0.2881045155478656,0.3731302963621674,0.8474204171240395
CDR4,0.3349221627604497,0.43431260049153697,0.8778718258766627
CDR5,0.26033562590923964,0.36206563039902856,0.8838862559241706
CDR6,0.338061970347802,0.43195095139545103,0.827354260089686
mean,0.2883295974921825,0.38346747231364603,0.8652613766732472
