region,mae,rmse,coverage
CDR1,0.5508814186637995,0.6694026515546181,0.8109756097560976
CDR2,0.26207055557700815,0.3522756908692478,0.8635809987819733
CDR3,0.8317972265477803,0.9928237989604216,0.7420417124039517
CDR4,0.23130572140309102,0.32382397266411705,0.9068923821039904
CDR5,0.23893805077553346,0.33888226325251575,0.8815165876777251
CDR6,0.5192293030366971,0.643720292419968,0.8015695067264574
mean,0.43903704600065163,0.5534881116201481,0.8344294662416992
