region,mae,rmse,coverage
CDR1,0.6456735527845444,0.7787718806620806,0.8146341463414634
CDR2,0.24172586805212568,0.33264437401201574,0.881851400730816
CDR3,0.5491438837464492,0.6749293901270961,0.8035126234906695
CDR4,0.24022120126780036,0.33234524671391535,0.9214026602176542
CDR5,0.1626422562877078,0.24961124716350144,0.909952606635071
CDR6,0.7608318977795464,0.9049212867997309,0.781390134529148
mean,0.4333731099863623,0.5455372375797233,0.8521239286574703
