region,mae,rmse,coverage
CDR1,0.5227993212100626,0.6432332255522651,0.8292682926829268
CDR2,0.2643646718250669,0.35748350796751444,0.8757612667478685
CDR3,0.33030549286466376,0.43464215797558814,0.8133918770581778
CDR4,0.18267955212241913,0.26467481987958474,0.9238210399032648
CDR5,0.1570597937807931,0.24076466457970902,0.8945497630331753
CDR6,0.3143419554839894,0.41243056025833297,0.82847533632287
mean,0.2952584645478325,0.3922048227021657,0.8608779292913806
