region,mae,rmse,coverage
CDR1,0.21158721590172286,0.3030352211535932,0.8804878048780488
CDR2,0.3032620147815708,0.4028383771161431,0.8660170523751523
CDR3,0.2920848555357254,0.38348605627782606,0.8419319429198683
CDR4,0.33472953725541504,0.4290773299748672,0.8778718258766627
CDR5,0.22393119892542487,0.31862550050049243,0.8862559241706162
CDR6,0.3367781930925172,0.4281861988823569,0.8295964125560538
mean,0.28372883591539605,0.37754144731754646,0.8636934937960669
