region,mae,rmse,coverage
CDR1,0.32999980885042723,0.4208524657977585,0.8597560975609756
CDR2,0.22461033802466415,0.3142626366468863,0.8757612667478685
CDR3,0.6540120241378808,0.7873121051782392,0.7925356750823271
CDR4,0.261020144510202,0.35327953476968793,0.8972188633615478
CDR5,0.22754701118396106,0.32181191527885494,0.8815165876777251
CDR6,0.4090237859745963,0.5148940808599268,0.8318385650224215
mean,0.35103551878028866,0.4520687897552256,0.8564378425754775
