region,mae,rmse,coverage
CDR1,0.7187865459995785,0.8616699327958887,0.7853658536585366
CDR2,0.20074583593980677,0.2896183062554343,0.8806333739342266
CDR3,0.4594267216250493,0.5941133443839927,0.7991218441273326
CDR4,0.14421696566737016,0.22208496772830266,0.9492140266021766
CDR5,0.18572948713699763,0.2730865983398875,0.909952606635071
CDR6,0.29254659151091045,0.38502831098671353,0.8340807174887892
mean,0.3335753579799521,0.4376002434150365,0.8597280704076887
