region,mae,rmse,coverage
CDR1,0.3447686351577969,0.4486079145058286,0.8670731707317073
CDR2,0.44612191380970107,0.5564302774368335,0.8501827040194885
CDR3,0.3574752765612591,0.4518565130841177,0.827661909989023
CDR4,0.38505784591464504,0.488817980818976,0.8766626360338573
CDR5,0.19885567742521842,0.29673190899921414,0.8898104265402843
CDR6,0.3479081361729482,0.4386635953345188,0.8239910313901345
mean,0.3466979141735948,0.4468513650299147,0.8558969797840824
